[
  {
    "Id": "0",
    "Name": "LoggerLib_1.0_draft",
    "DevelopmentStatus": "Alpha",
    "Description": "This is the draft of the 1.0 version, the first realease.\nThere are 3 archives:\n1) it is the test program\n2) It contains the headers files, the loggerLib.lib and a test application.\n3) It contains all the sources for the library and the test application.",
    "ReleasedDatge": "0001-01-01T00:00:00",
    "ModifiedDate": "2012-09-19T22:14:56.103-07:00",
    "Files": [
      {
        "Id": "21965ab4-bfd8-4fe8-9184-893876b648a0",
        "FileName": "testLog.zip",
        "Url": "./0/21965ab4-bfd8-4fe8-9184-893876b648a0",
        "Type": "Example",
        "UploadDate": "2012-08-25T12:36:15.987-07:00"
      },
      {
        "Id": "72568722-b0c9-461c-9314-5596d65dbb0e",
        "FileName": "LoggerLib.zip",
        "Url": "./0/72568722-b0c9-461c-9314-5596d65dbb0e",
        "Type": "Application",
        "UploadDate": "2012-09-16T11:43:22.023-07:00"
      },
      {
        "Id": "bd39995f-7598-4aa6-a907-28e61aaecada",
        "FileName": "LoggerLib_src20120916210147.rar",
        "Url": "./0/bd39995f-7598-4aa6-a907-28e61aaecada",
        "Type": "Source Code",
        "UploadDate": "2012-09-19T22:12:36.103-07:00"
      }
    ]
  },
  {
    "Id": "1",
    "Name": "LoggerLib 1.0.1(patched)",
    "DevelopmentStatus": "Beta",
    "Description": "In this release, there are some bugfix about:\n1) trace on rotatation of files (no trace of filename, if error);\n2) added the omitted delete\n3) more perfomance for the method terminateAllLogs.\n4) the testFile included a greater number of enabled test.\n\nIn questa versione, sono presenti alcune correzioni:\n1) nessun tracciamento nel caso la rotazione del file non può avvenire per qualche errore nell'accesso al file;\n2) aggiunte eventuali \"delete\" mancanti;\n3) migliorata la procedura di rimozione dei logs.\n4) il programma di test include un numero maggiore di test abilitati.",
    "ReleasedDatge": "0001-01-01T00:00:00",
    "ModifiedDate": "2012-10-02T12:53:24.443-07:00",
    "Files": [
      {
        "Id": "66ad0c5a-2283-4f11-a82d-6fb2f591c8d5",
        "FileName": "LoggerLib-bin20120930213152.zip",
        "Url": "./1/66ad0c5a-2283-4f11-a82d-6fb2f591c8d5",
        "Type": "Application",
        "UploadDate": "2012-09-30T12:46:52.463-07:00"
      },
      {
        "Id": "e4d49345-c39b-4d71-bc64-21255384b3ec",
        "FileName": "testLog.zip",
        "Url": "./1/e4d49345-c39b-4d71-bc64-21255384b3ec",
        "Type": "Application",
        "UploadDate": "2012-09-30T12:46:52.51-07:00"
      },
      {
        "Id": "69aebf9f-c661-47df-bc09-ce336323c579",
        "FileName": "LoggerLib_src20120930213325.zip",
        "Url": "./1/69aebf9f-c661-47df-bc09-ce336323c579",
        "Type": "Source Code",
        "UploadDate": "2012-09-30T22:15:12.557-07:00"
      },
      {
        "Id": "8f748ef8-0911-4960-afa5-a5b0dd2f08cd",
        "FileName": "LoggerLib_1.0.1.sig.txt",
        "Url": "./1/8f748ef8-0911-4960-afa5-a5b0dd2f08cd",
        "Type": "Documentation",
        "UploadDate": "2012-10-02T12:53:23.393-07:00"
      }
    ]
  }
]